ApiController.java,edu.ucsb.cs156.gauchoride.controllers.ApiController,org.pitest.mutationtest.engine.gregor.mutators.returns.NullReturnValsMutator,genericMessage,47,KILLED,edu.ucsb.cs156.gauchoride.controllers.UsersControllerTests.[engine:junit-jupiter]/[class:edu.ucsb.cs156.gauchoride.controllers.UsersControllerTests]/[method:admin_can_delete_a_user()]
ApiController.java,edu.ucsb.cs156.gauchoride.controllers.ApiController,org.pitest.mutationtest.engine.gregor.mutators.returns.NullReturnValsMutator,getCurrentUser,37,KILLED,edu.ucsb.cs156.gauchoride.controllers.UserInfoControllerTests.[engine:junit-jupiter]/[class:edu.ucsb.cs156.gauchoride.controllers.UserInfoControllerTests]/[method:currentUser__logged_in()]
ApiController.java,edu.ucsb.cs156.gauchoride.controllers.ApiController,org.pitest.mutationtest.engine.gregor.mutators.returns.NullReturnValsMutator,handleGenericException,59,KILLED,edu.ucsb.cs156.gauchoride.controllers.UsersControllerTests.[engine:junit-jupiter]/[class:edu.ucsb.cs156.gauchoride.controllers.UsersControllerTests]/[method:admin_tries_to_toggleAdmin_non_existant_user_and_gets_right_error_message()]
CSRFController.java,edu.ucsb.cs156.gauchoride.controllers.CSRFController,org.pitest.mutationtest.engine.gregor.mutators.returns.NullReturnValsMutator,csrf,18,KILLED,edu.ucsb.cs156.gauchoride.controllers.CSRFControllerTests.[engine:junit-jupiter]/[class:edu.ucsb.cs156.gauchoride.controllers.CSRFControllerTests]/[method:csrf_returns_ok()]
RideController.java,edu.ucsb.cs156.gauchoride.controllers.RideController,org.pitest.mutationtest.engine.gregor.mutators.NegateConditionalsMutator,allRides,42,KILLED,edu.ucsb.cs156.gauchoride.controllers.RideControllerTests.[engine:junit-jupiter]/[class:edu.ucsb.cs156.gauchoride.controllers.RideControllerTests]/[method:logged_in_admin_can_get_all_rides()]
RideController.java,edu.ucsb.cs156.gauchoride.controllers.RideController,org.pitest.mutationtest.engine.gregor.mutators.NegateConditionalsMutator,allRides,43,KILLED,edu.ucsb.cs156.gauchoride.controllers.RideControllerTests.[engine:junit-jupiter]/[class:edu.ucsb.cs156.gauchoride.controllers.RideControllerTests]/[method:logged_in_driver_can_get_all_rides()]
RideController.java,edu.ucsb.cs156.gauchoride.controllers.RideController,org.pitest.mutationtest.engine.gregor.mutators.returns.NullReturnValsMutator,allRides,49,KILLED,edu.ucsb.cs156.gauchoride.controllers.RideControllerTests.[engine:junit-jupiter]/[class:edu.ucsb.cs156.gauchoride.controllers.RideControllerTests]/[method:logged_in_admin_can_get_all_rides()]
RideController.java,edu.ucsb.cs156.gauchoride.controllers.RideController,org.pitest.mutationtest.engine.gregor.mutators.NegateConditionalsMutator,deleteRide,137,KILLED,edu.ucsb.cs156.gauchoride.controllers.RideControllerTests.[engine:junit-jupiter]/[class:edu.ucsb.cs156.gauchoride.controllers.RideControllerTests]/[method:admin_can_delete_any_ride()]
RideController.java,edu.ucsb.cs156.gauchoride.controllers.RideController,org.pitest.mutationtest.engine.gregor.mutators.NegateConditionalsMutator,deleteRide,138,KILLED,edu.ucsb.cs156.gauchoride.controllers.RideControllerTests.[engine:junit-jupiter]/[class:edu.ucsb.cs156.gauchoride.controllers.RideControllerTests]/[method:driver_can_delete_any_ride()]
RideController.java,edu.ucsb.cs156.gauchoride.controllers.RideController,org.pitest.mutationtest.engine.gregor.mutators.VoidMethodCallMutator,deleteRide,146,KILLED,edu.ucsb.cs156.gauchoride.controllers.RideControllerTests.[engine:junit-jupiter]/[class:edu.ucsb.cs156.gauchoride.controllers.RideControllerTests]/[method:admin_can_delete_any_ride()]
RideController.java,edu.ucsb.cs156.gauchoride.controllers.RideController,org.pitest.mutationtest.engine.gregor.mutators.returns.NullReturnValsMutator,deleteRide,147,KILLED,edu.ucsb.cs156.gauchoride.controllers.RideControllerTests.[engine:junit-jupiter]/[class:edu.ucsb.cs156.gauchoride.controllers.RideControllerTests]/[method:admin_can_delete_any_ride()]
RideController.java,edu.ucsb.cs156.gauchoride.controllers.RideController,org.pitest.mutationtest.engine.gregor.mutators.NegateConditionalsMutator,getById,61,KILLED,edu.ucsb.cs156.gauchoride.controllers.RideControllerTests.[engine:junit-jupiter]/[class:edu.ucsb.cs156.gauchoride.controllers.RideControllerTests]/[method:test_that_logged_in_admin_can_get_by_id_when_the_id_does_not_exist()]
RideController.java,edu.ucsb.cs156.gauchoride.controllers.RideController,org.pitest.mutationtest.engine.gregor.mutators.NegateConditionalsMutator,getById,62,KILLED,edu.ucsb.cs156.gauchoride.controllers.RideControllerTests.[engine:junit-jupiter]/[class:edu.ucsb.cs156.gauchoride.controllers.RideControllerTests]/[method:test_that_logged_in_user_can_get_by_id_when_the_id_does_not_exist()]
RideController.java,edu.ucsb.cs156.gauchoride.controllers.RideController,org.pitest.mutationtest.engine.gregor.mutators.returns.NullReturnValsMutator,getById,70,KILLED,edu.ucsb.cs156.gauchoride.controllers.RideControllerTests.[engine:junit-jupiter]/[class:edu.ucsb.cs156.gauchoride.controllers.RideControllerTests]/[method:test_that_logged_in_admin_can_get_by_id_when_the_id_exists()]
RideController.java,edu.ucsb.cs156.gauchoride.controllers.RideController,org.pitest.mutationtest.engine.gregor.mutators.returns.NullReturnValsMutator,lambda$deleteRide$2,140,KILLED,edu.ucsb.cs156.gauchoride.controllers.RideControllerTests.[engine:junit-jupiter]/[class:edu.ucsb.cs156.gauchoride.controllers.RideControllerTests]/[method:driver_tries_to_delete_non_existant_ride_and_gets_right_error_message()]
RideController.java,edu.ucsb.cs156.gauchoride.controllers.RideController,org.pitest.mutationtest.engine.gregor.mutators.returns.NullReturnValsMutator,lambda$deleteRide$3,143,KILLED,edu.ucsb.cs156.gauchoride.controllers.RideControllerTests.[engine:junit-jupiter]/[class:edu.ucsb.cs156.gauchoride.controllers.RideControllerTests]/[method:user_tries_to_delete_other_users_ride_and_fails()]
RideController.java,edu.ucsb.cs156.gauchoride.controllers.RideController,org.pitest.mutationtest.engine.gregor.mutators.returns.NullReturnValsMutator,lambda$getById$0,64,KILLED,edu.ucsb.cs156.gauchoride.controllers.RideControllerTests.[engine:junit-jupiter]/[class:edu.ucsb.cs156.gauchoride.controllers.RideControllerTests]/[method:test_that_logged_in_admin_can_get_by_id_when_the_id_does_not_exist()]
RideController.java,edu.ucsb.cs156.gauchoride.controllers.RideController,org.pitest.mutationtest.engine.gregor.mutators.returns.NullReturnValsMutator,lambda$getById$1,67,KILLED,edu.ucsb.cs156.gauchoride.controllers.RideControllerTests.[engine:junit-jupiter]/[class:edu.ucsb.cs156.gauchoride.controllers.RideControllerTests]/[method:logged_in_users_can_get_by_id_that_is_theirs()]
RideController.java,edu.ucsb.cs156.gauchoride.controllers.RideController,org.pitest.mutationtest.engine.gregor.mutators.returns.NullReturnValsMutator,lambda$updateRide$4,165,KILLED,edu.ucsb.cs156.gauchoride.controllers.RideControllerTests.[engine:junit-jupiter]/[class:edu.ucsb.cs156.gauchoride.controllers.RideControllerTests]/[method:admin_cannot_edit_ride_that_does_not_exist()]
RideController.java,edu.ucsb.cs156.gauchoride.controllers.RideController,org.pitest.mutationtest.engine.gregor.mutators.returns.NullReturnValsMutator,lambda$updateRide$5,168,KILLED,edu.ucsb.cs156.gauchoride.controllers.RideControllerTests.[engine:junit-jupiter]/[class:edu.ucsb.cs156.gauchoride.controllers.RideControllerTests]/[method:user_canot_edit_other_users_ride()]
RideController.java,edu.ucsb.cs156.gauchoride.controllers.RideController,org.pitest.mutationtest.engine.gregor.mutators.VoidMethodCallMutator,postRide,110,KILLED,edu.ucsb.cs156.gauchoride.controllers.RideControllerTests.[engine:junit-jupiter]/[class:edu.ucsb.cs156.gauchoride.controllers.RideControllerTests]/[method:a_user_can_post_a_new_ride()]
RideController.java,edu.ucsb.cs156.gauchoride.controllers.RideController,org.pitest.mutationtest.engine.gregor.mutators.VoidMethodCallMutator,postRide,111,KILLED,edu.ucsb.cs156.gauchoride.controllers.RideControllerTests.[engine:junit-jupiter]/[class:edu.ucsb.cs156.gauchoride.controllers.RideControllerTests]/[method:a_user_can_post_a_new_ride()]
RideController.java,edu.ucsb.cs156.gauchoride.controllers.RideController,org.pitest.mutationtest.engine.gregor.mutators.VoidMethodCallMutator,postRide,112,KILLED,edu.ucsb.cs156.gauchoride.controllers.RideControllerTests.[engine:junit-jupiter]/[class:edu.ucsb.cs156.gauchoride.controllers.RideControllerTests]/[method:a_user_can_post_a_new_ride()]
RideController.java,edu.ucsb.cs156.gauchoride.controllers.RideController,org.pitest.mutationtest.engine.gregor.mutators.VoidMethodCallMutator,postRide,113,KILLED,edu.ucsb.cs156.gauchoride.controllers.RideControllerTests.[engine:junit-jupiter]/[class:edu.ucsb.cs156.gauchoride.controllers.RideControllerTests]/[method:a_user_can_post_a_new_ride()]
RideController.java,edu.ucsb.cs156.gauchoride.controllers.RideController,org.pitest.mutationtest.engine.gregor.mutators.VoidMethodCallMutator,postRide,114,KILLED,edu.ucsb.cs156.gauchoride.controllers.RideControllerTests.[engine:junit-jupiter]/[class:edu.ucsb.cs156.gauchoride.controllers.RideControllerTests]/[method:a_user_can_post_a_new_ride()]
RideController.java,edu.ucsb.cs156.gauchoride.controllers.RideController,org.pitest.mutationtest.engine.gregor.mutators.VoidMethodCallMutator,postRide,115,KILLED,edu.ucsb.cs156.gauchoride.controllers.RideControllerTests.[engine:junit-jupiter]/[class:edu.ucsb.cs156.gauchoride.controllers.RideControllerTests]/[method:a_user_can_post_a_new_ride()]
RideController.java,edu.ucsb.cs156.gauchoride.controllers.RideController,org.pitest.mutationtest.engine.gregor.mutators.VoidMethodCallMutator,postRide,116,KILLED,edu.ucsb.cs156.gauchoride.controllers.RideControllerTests.[engine:junit-jupiter]/[class:edu.ucsb.cs156.gauchoride.controllers.RideControllerTests]/[method:a_user_can_post_a_new_ride()]
RideController.java,edu.ucsb.cs156.gauchoride.controllers.RideController,org.pitest.mutationtest.engine.gregor.mutators.VoidMethodCallMutator,postRide,117,KILLED,edu.ucsb.cs156.gauchoride.controllers.RideControllerTests.[engine:junit-jupiter]/[class:edu.ucsb.cs156.gauchoride.controllers.RideControllerTests]/[method:a_user_can_post_a_new_ride()]
RideController.java,edu.ucsb.cs156.gauchoride.controllers.RideController,org.pitest.mutationtest.engine.gregor.mutators.VoidMethodCallMutator,postRide,118,KILLED,edu.ucsb.cs156.gauchoride.controllers.RideControllerTests.[engine:junit-jupiter]/[class:edu.ucsb.cs156.gauchoride.controllers.RideControllerTests]/[method:a_user_can_post_a_new_ride()]
RideController.java,edu.ucsb.cs156.gauchoride.controllers.RideController,org.pitest.mutationtest.engine.gregor.mutators.VoidMethodCallMutator,postRide,119,KILLED,edu.ucsb.cs156.gauchoride.controllers.RideControllerTests.[engine:junit-jupiter]/[class:edu.ucsb.cs156.gauchoride.controllers.RideControllerTests]/[method:a_user_can_post_a_new_ride()]
RideController.java,edu.ucsb.cs156.gauchoride.controllers.RideController,org.pitest.mutationtest.engine.gregor.mutators.VoidMethodCallMutator,postRide,120,KILLED,edu.ucsb.cs156.gauchoride.controllers.RideControllerTests.[engine:junit-jupiter]/[class:edu.ucsb.cs156.gauchoride.controllers.RideControllerTests]/[method:a_user_can_post_a_new_ride()]
RideController.java,edu.ucsb.cs156.gauchoride.controllers.RideController,org.pitest.mutationtest.engine.gregor.mutators.returns.NullReturnValsMutator,postRide,124,KILLED,edu.ucsb.cs156.gauchoride.controllers.RideControllerTests.[engine:junit-jupiter]/[class:edu.ucsb.cs156.gauchoride.controllers.RideControllerTests]/[method:a_user_can_post_a_new_ride()]
RideController.java,edu.ucsb.cs156.gauchoride.controllers.RideController,org.pitest.mutationtest.engine.gregor.mutators.NegateConditionalsMutator,updateRide,162,KILLED,edu.ucsb.cs156.gauchoride.controllers.RideControllerTests.[engine:junit-jupiter]/[class:edu.ucsb.cs156.gauchoride.controllers.RideControllerTests]/[method:admin_can_edit_an_existing_ride()]
RideController.java,edu.ucsb.cs156.gauchoride.controllers.RideController,org.pitest.mutationtest.engine.gregor.mutators.NegateConditionalsMutator,updateRide,163,KILLED,edu.ucsb.cs156.gauchoride.controllers.RideControllerTests.[engine:junit-jupiter]/[class:edu.ucsb.cs156.gauchoride.controllers.RideControllerTests]/[method:driver_cannot_edit_ride_that_does_not_exist()]
RideController.java,edu.ucsb.cs156.gauchoride.controllers.RideController,org.pitest.mutationtest.engine.gregor.mutators.VoidMethodCallMutator,updateRide,171,KILLED,edu.ucsb.cs156.gauchoride.controllers.RideControllerTests.[engine:junit-jupiter]/[class:edu.ucsb.cs156.gauchoride.controllers.RideControllerTests]/[method:admin_can_edit_an_existing_ride()]
RideController.java,edu.ucsb.cs156.gauchoride.controllers.RideController,org.pitest.mutationtest.engine.gregor.mutators.VoidMethodCallMutator,updateRide,172,KILLED,edu.ucsb.cs156.gauchoride.controllers.RideControllerTests.[engine:junit-jupiter]/[class:edu.ucsb.cs156.gauchoride.controllers.RideControllerTests]/[method:admin_can_edit_an_existing_ride()]
RideController.java,edu.ucsb.cs156.gauchoride.controllers.RideController,org.pitest.mutationtest.engine.gregor.mutators.VoidMethodCallMutator,updateRide,173,KILLED,edu.ucsb.cs156.gauchoride.controllers.RideControllerTests.[engine:junit-jupiter]/[class:edu.ucsb.cs156.gauchoride.controllers.RideControllerTests]/[method:admin_can_edit_an_existing_ride()]
RideController.java,edu.ucsb.cs156.gauchoride.controllers.RideController,org.pitest.mutationtest.engine.gregor.mutators.VoidMethodCallMutator,updateRide,174,KILLED,edu.ucsb.cs156.gauchoride.controllers.RideControllerTests.[engine:junit-jupiter]/[class:edu.ucsb.cs156.gauchoride.controllers.RideControllerTests]/[method:admin_can_edit_an_existing_ride()]
RideController.java,edu.ucsb.cs156.gauchoride.controllers.RideController,org.pitest.mutationtest.engine.gregor.mutators.VoidMethodCallMutator,updateRide,175,KILLED,edu.ucsb.cs156.gauchoride.controllers.RideControllerTests.[engine:junit-jupiter]/[class:edu.ucsb.cs156.gauchoride.controllers.RideControllerTests]/[method:admin_can_edit_an_existing_ride()]
RideController.java,edu.ucsb.cs156.gauchoride.controllers.RideController,org.pitest.mutationtest.engine.gregor.mutators.VoidMethodCallMutator,updateRide,176,KILLED,edu.ucsb.cs156.gauchoride.controllers.RideControllerTests.[engine:junit-jupiter]/[class:edu.ucsb.cs156.gauchoride.controllers.RideControllerTests]/[method:admin_can_edit_an_existing_ride()]
RideController.java,edu.ucsb.cs156.gauchoride.controllers.RideController,org.pitest.mutationtest.engine.gregor.mutators.VoidMethodCallMutator,updateRide,177,KILLED,edu.ucsb.cs156.gauchoride.controllers.RideControllerTests.[engine:junit-jupiter]/[class:edu.ucsb.cs156.gauchoride.controllers.RideControllerTests]/[method:admin_can_edit_an_existing_ride()]
RideController.java,edu.ucsb.cs156.gauchoride.controllers.RideController,org.pitest.mutationtest.engine.gregor.mutators.VoidMethodCallMutator,updateRide,178,KILLED,edu.ucsb.cs156.gauchoride.controllers.RideControllerTests.[engine:junit-jupiter]/[class:edu.ucsb.cs156.gauchoride.controllers.RideControllerTests]/[method:admin_can_edit_an_existing_ride()]
RideController.java,edu.ucsb.cs156.gauchoride.controllers.RideController,org.pitest.mutationtest.engine.gregor.mutators.VoidMethodCallMutator,updateRide,179,KILLED,edu.ucsb.cs156.gauchoride.controllers.RideControllerTests.[engine:junit-jupiter]/[class:edu.ucsb.cs156.gauchoride.controllers.RideControllerTests]/[method:admin_can_edit_an_existing_ride()]
RideController.java,edu.ucsb.cs156.gauchoride.controllers.RideController,org.pitest.mutationtest.engine.gregor.mutators.returns.NullReturnValsMutator,updateRide,182,KILLED,edu.ucsb.cs156.gauchoride.controllers.RideControllerTests.[engine:junit-jupiter]/[class:edu.ucsb.cs156.gauchoride.controllers.RideControllerTests]/[method:admin_can_edit_an_existing_ride()]
RiderApplicationController.java,edu.ucsb.cs156.gauchoride.controllers.RiderApplicationController,org.pitest.mutationtest.engine.gregor.mutators.returns.NullReturnValsMutator,allApplications,81,KILLED,edu.ucsb.cs156.gauchoride.controllers.RiderApplicationControllerTests.[engine:junit-jupiter]/[class:edu.ucsb.cs156.gauchoride.controllers.RiderApplicationControllerTests]/[method:logged_in_member_can_get_all_their_own_rides()]
RiderApplicationController.java,edu.ucsb.cs156.gauchoride.controllers.RiderApplicationController,org.pitest.mutationtest.engine.gregor.mutators.returns.NullReturnValsMutator,allApplicationsAdmin,176,KILLED,edu.ucsb.cs156.gauchoride.controllers.RiderApplicationControllerTests.[engine:junit-jupiter]/[class:edu.ucsb.cs156.gauchoride.controllers.RiderApplicationControllerTests]/[method:test_that_logged_in_admin_can_get_all_applications()]
RiderApplicationController.java,edu.ucsb.cs156.gauchoride.controllers.RiderApplicationController,org.pitest.mutationtest.engine.gregor.mutators.returns.NullReturnValsMutator,allPendingApplications,187,KILLED,edu.ucsb.cs156.gauchoride.controllers.RiderApplicationControllerTests.[engine:junit-jupiter]/[class:edu.ucsb.cs156.gauchoride.controllers.RiderApplicationControllerTests]/[method:test_that_logged_in_can_get_no_pending_applications_when_they_do_not_exist()]
RiderApplicationController.java,edu.ucsb.cs156.gauchoride.controllers.RiderApplicationController,org.pitest.mutationtest.engine.gregor.mutators.NegateConditionalsMutator,cancelApplication,146,KILLED,edu.ucsb.cs156.gauchoride.controllers.RiderApplicationControllerTests.[engine:junit-jupiter]/[class:edu.ucsb.cs156.gauchoride.controllers.RiderApplicationControllerTests]/[method:member_canot_cancel_application_whose_status_is_not_pending()]
RiderApplicationController.java,edu.ucsb.cs156.gauchoride.controllers.RiderApplicationController,org.pitest.mutationtest.engine.gregor.mutators.VoidMethodCallMutator,cancelApplication,152,KILLED,edu.ucsb.cs156.gauchoride.controllers.RiderApplicationControllerTests.[engine:junit-jupiter]/[class:edu.ucsb.cs156.gauchoride.controllers.RiderApplicationControllerTests]/[method:member_can_cancel_their_own_application_whose_status_is_pending()]
RiderApplicationController.java,edu.ucsb.cs156.gauchoride.controllers.RiderApplicationController,org.pitest.mutationtest.engine.gregor.mutators.VoidMethodCallMutator,cancelApplication,153,KILLED,edu.ucsb.cs156.gauchoride.controllers.RiderApplicationControllerTests.[engine:junit-jupiter]/[class:edu.ucsb.cs156.gauchoride.controllers.RiderApplicationControllerTests]/[method:member_can_cancel_their_own_application_whose_status_is_pending()]
RiderApplicationController.java,edu.ucsb.cs156.gauchoride.controllers.RiderApplicationController,org.pitest.mutationtest.engine.gregor.mutators.VoidMethodCallMutator,cancelApplication,154,KILLED,edu.ucsb.cs156.gauchoride.controllers.RiderApplicationControllerTests.[engine:junit-jupiter]/[class:edu.ucsb.cs156.gauchoride.controllers.RiderApplicationControllerTests]/[method:member_can_cancel_their_own_application_whose_status_is_pending()]
RiderApplicationController.java,edu.ucsb.cs156.gauchoride.controllers.RiderApplicationController,org.pitest.mutationtest.engine.gregor.mutators.returns.NullReturnValsMutator,cancelApplication,157,KILLED,edu.ucsb.cs156.gauchoride.controllers.RiderApplicationControllerTests.[engine:junit-jupiter]/[class:edu.ucsb.cs156.gauchoride.controllers.RiderApplicationControllerTests]/[method:member_can_cancel_their_own_application_whose_status_is_pending()]
RiderApplicationController.java,edu.ucsb.cs156.gauchoride.controllers.RiderApplicationController,org.pitest.mutationtest.engine.gregor.mutators.returns.NullReturnValsMutator,cancelApplication,162,KILLED,edu.ucsb.cs156.gauchoride.controllers.RiderApplicationControllerTests.[engine:junit-jupiter]/[class:edu.ucsb.cs156.gauchoride.controllers.RiderApplicationControllerTests]/[method:member_canot_cancel_application_whose_status_is_not_pending()]
RiderApplicationController.java,edu.ucsb.cs156.gauchoride.controllers.RiderApplicationController,org.pitest.mutationtest.engine.gregor.mutators.returns.NullReturnValsMutator,getById,95,KILLED,edu.ucsb.cs156.gauchoride.controllers.RiderApplicationControllerTests.[engine:junit-jupiter]/[class:edu.ucsb.cs156.gauchoride.controllers.RiderApplicationControllerTests]/[method:test_that_logged_in_member_can_get_by_id_when_the_id_exists_and_user_id_matches()]
RiderApplicationController.java,edu.ucsb.cs156.gauchoride.controllers.RiderApplicationController,org.pitest.mutationtest.engine.gregor.mutators.returns.NullReturnValsMutator,lambda$cancelApplication$2,144,KILLED,edu.ucsb.cs156.gauchoride.controllers.RiderApplicationControllerTests.[engine:junit-jupiter]/[class:edu.ucsb.cs156.gauchoride.controllers.RiderApplicationControllerTests]/[method:member_cannot_cancel_application_that_does_not_exist()]
RiderApplicationController.java,edu.ucsb.cs156.gauchoride.controllers.RiderApplicationController,org.pitest.mutationtest.engine.gregor.mutators.returns.NullReturnValsMutator,lambda$getById$0,94,KILLED,edu.ucsb.cs156.gauchoride.controllers.RiderApplicationControllerTests.[engine:junit-jupiter]/[class:edu.ucsb.cs156.gauchoride.controllers.RiderApplicationControllerTests]/[method:test_that_logged_in_member_cannot_get_by_id_when_the_id_exists_but_user_id_does_not_match()]
RiderApplicationController.java,edu.ucsb.cs156.gauchoride.controllers.RiderApplicationController,org.pitest.mutationtest.engine.gregor.mutators.returns.NullReturnValsMutator,lambda$specificApplication$3,200,KILLED,edu.ucsb.cs156.gauchoride.controllers.RiderApplicationControllerTests.[engine:junit-jupiter]/[class:edu.ucsb.cs156.gauchoride.controllers.RiderApplicationControllerTests]/[method:test_that_logged_in_admin_cannot_get_by_id_when_id_does_not_exists()]
RiderApplicationController.java,edu.ucsb.cs156.gauchoride.controllers.RiderApplicationController,org.pitest.mutationtest.engine.gregor.mutators.returns.NullReturnValsMutator,lambda$updateApplication$1,110,KILLED,edu.ucsb.cs156.gauchoride.controllers.RiderApplicationControllerTests.[engine:junit-jupiter]/[class:edu.ucsb.cs156.gauchoride.controllers.RiderApplicationControllerTests]/[method:member_cannot_edit_application_that_does_not_exist()]
RiderApplicationController.java,edu.ucsb.cs156.gauchoride.controllers.RiderApplicationController,org.pitest.mutationtest.engine.gregor.mutators.returns.NullReturnValsMutator,lambda$updateApplicationAdmin$4,222,KILLED,edu.ucsb.cs156.gauchoride.controllers.RiderApplicationControllerTests.[engine:junit-jupiter]/[class:edu.ucsb.cs156.gauchoride.controllers.RiderApplicationControllerTests]/[method:test_that_logged_in_admin_cannot_update_when_the_application_does_not_exist()]
RiderApplicationController.java,edu.ucsb.cs156.gauchoride.controllers.RiderApplicationController,org.pitest.mutationtest.engine.gregor.mutators.VoidMethodCallMutator,postRiderApplication,61,KILLED,edu.ucsb.cs156.gauchoride.controllers.RiderApplicationControllerTests.[engine:junit-jupiter]/[class:edu.ucsb.cs156.gauchoride.controllers.RiderApplicationControllerTests]/[method:a_member_can_post_a_new_riderApplication()]
RiderApplicationController.java,edu.ucsb.cs156.gauchoride.controllers.RiderApplicationController,org.pitest.mutationtest.engine.gregor.mutators.VoidMethodCallMutator,postRiderApplication,62,KILLED,edu.ucsb.cs156.gauchoride.controllers.RiderApplicationControllerTests.[engine:junit-jupiter]/[class:edu.ucsb.cs156.gauchoride.controllers.RiderApplicationControllerTests]/[method:a_member_can_post_a_new_riderApplication()]
RiderApplicationController.java,edu.ucsb.cs156.gauchoride.controllers.RiderApplicationController,org.pitest.mutationtest.engine.gregor.mutators.VoidMethodCallMutator,postRiderApplication,63,KILLED,edu.ucsb.cs156.gauchoride.controllers.RiderApplicationControllerTests.[engine:junit-jupiter]/[class:edu.ucsb.cs156.gauchoride.controllers.RiderApplicationControllerTests]/[method:a_member_can_post_a_new_riderApplication()]
RiderApplicationController.java,edu.ucsb.cs156.gauchoride.controllers.RiderApplicationController,org.pitest.mutationtest.engine.gregor.mutators.VoidMethodCallMutator,postRiderApplication,64,KILLED,edu.ucsb.cs156.gauchoride.controllers.RiderApplicationControllerTests.[engine:junit-jupiter]/[class:edu.ucsb.cs156.gauchoride.controllers.RiderApplicationControllerTests]/[method:a_member_can_post_a_new_riderApplication()]
RiderApplicationController.java,edu.ucsb.cs156.gauchoride.controllers.RiderApplicationController,org.pitest.mutationtest.engine.gregor.mutators.VoidMethodCallMutator,postRiderApplication,65,KILLED,edu.ucsb.cs156.gauchoride.controllers.RiderApplicationControllerTests.[engine:junit-jupiter]/[class:edu.ucsb.cs156.gauchoride.controllers.RiderApplicationControllerTests]/[method:a_member_can_post_a_new_riderApplication()]
RiderApplicationController.java,edu.ucsb.cs156.gauchoride.controllers.RiderApplicationController,org.pitest.mutationtest.engine.gregor.mutators.VoidMethodCallMutator,postRiderApplication,66,KILLED,edu.ucsb.cs156.gauchoride.controllers.RiderApplicationControllerTests.[engine:junit-jupiter]/[class:edu.ucsb.cs156.gauchoride.controllers.RiderApplicationControllerTests]/[method:a_member_can_post_a_new_riderApplication()]
RiderApplicationController.java,edu.ucsb.cs156.gauchoride.controllers.RiderApplicationController,org.pitest.mutationtest.engine.gregor.mutators.VoidMethodCallMutator,postRiderApplication,67,KILLED,edu.ucsb.cs156.gauchoride.controllers.RiderApplicationControllerTests.[engine:junit-jupiter]/[class:edu.ucsb.cs156.gauchoride.controllers.RiderApplicationControllerTests]/[method:a_member_can_post_a_new_riderApplication()]
RiderApplicationController.java,edu.ucsb.cs156.gauchoride.controllers.RiderApplicationController,org.pitest.mutationtest.engine.gregor.mutators.VoidMethodCallMutator,postRiderApplication,68,KILLED,edu.ucsb.cs156.gauchoride.controllers.RiderApplicationControllerTests.[engine:junit-jupiter]/[class:edu.ucsb.cs156.gauchoride.controllers.RiderApplicationControllerTests]/[method:a_member_can_post_a_new_riderApplication()]
RiderApplicationController.java,edu.ucsb.cs156.gauchoride.controllers.RiderApplicationController,org.pitest.mutationtest.engine.gregor.mutators.returns.NullReturnValsMutator,postRiderApplication,71,KILLED,edu.ucsb.cs156.gauchoride.controllers.RiderApplicationControllerTests.[engine:junit-jupiter]/[class:edu.ucsb.cs156.gauchoride.controllers.RiderApplicationControllerTests]/[method:a_member_can_post_a_new_riderApplication()]
RiderApplicationController.java,edu.ucsb.cs156.gauchoride.controllers.RiderApplicationController,org.pitest.mutationtest.engine.gregor.mutators.returns.NullReturnValsMutator,specificApplication,201,KILLED,edu.ucsb.cs156.gauchoride.controllers.RiderApplicationControllerTests.[engine:junit-jupiter]/[class:edu.ucsb.cs156.gauchoride.controllers.RiderApplicationControllerTests]/[method:test_that_logged_in_can_get_by_id_when_id_exists()]
RiderApplicationController.java,edu.ucsb.cs156.gauchoride.controllers.RiderApplicationController,org.pitest.mutationtest.engine.gregor.mutators.NegateConditionalsMutator,updateApplication,112,KILLED,edu.ucsb.cs156.gauchoride.controllers.RiderApplicationControllerTests.[engine:junit-jupiter]/[class:edu.ucsb.cs156.gauchoride.controllers.RiderApplicationControllerTests]/[method:member_canot_edit_application_whose_status_is_not_pending()]
RiderApplicationController.java,edu.ucsb.cs156.gauchoride.controllers.RiderApplicationController,org.pitest.mutationtest.engine.gregor.mutators.VoidMethodCallMutator,updateApplication,118,KILLED,edu.ucsb.cs156.gauchoride.controllers.RiderApplicationControllerTests.[engine:junit-jupiter]/[class:edu.ucsb.cs156.gauchoride.controllers.RiderApplicationControllerTests]/[method:member_can_edit_their_own_application_whose_status_is_pending()]
RiderApplicationController.java,edu.ucsb.cs156.gauchoride.controllers.RiderApplicationController,org.pitest.mutationtest.engine.gregor.mutators.VoidMethodCallMutator,updateApplication,119,KILLED,edu.ucsb.cs156.gauchoride.controllers.RiderApplicationControllerTests.[engine:junit-jupiter]/[class:edu.ucsb.cs156.gauchoride.controllers.RiderApplicationControllerTests]/[method:member_can_edit_their_own_application_whose_status_is_pending()]
RiderApplicationController.java,edu.ucsb.cs156.gauchoride.controllers.RiderApplicationController,org.pitest.mutationtest.engine.gregor.mutators.VoidMethodCallMutator,updateApplication,120,KILLED,edu.ucsb.cs156.gauchoride.controllers.RiderApplicationControllerTests.[engine:junit-jupiter]/[class:edu.ucsb.cs156.gauchoride.controllers.RiderApplicationControllerTests]/[method:member_can_edit_their_own_application_whose_status_is_pending()]
RiderApplicationController.java,edu.ucsb.cs156.gauchoride.controllers.RiderApplicationController,org.pitest.mutationtest.engine.gregor.mutators.returns.NullReturnValsMutator,updateApplication,123,KILLED,edu.ucsb.cs156.gauchoride.controllers.RiderApplicationControllerTests.[engine:junit-jupiter]/[class:edu.ucsb.cs156.gauchoride.controllers.RiderApplicationControllerTests]/[method:member_can_edit_their_own_application_whose_status_is_pending()]
RiderApplicationController.java,edu.ucsb.cs156.gauchoride.controllers.RiderApplicationController,org.pitest.mutationtest.engine.gregor.mutators.returns.NullReturnValsMutator,updateApplication,128,KILLED,edu.ucsb.cs156.gauchoride.controllers.RiderApplicationControllerTests.[engine:junit-jupiter]/[class:edu.ucsb.cs156.gauchoride.controllers.RiderApplicationControllerTests]/[method:member_canot_edit_application_whose_status_is_not_pending()]
RiderApplicationController.java,edu.ucsb.cs156.gauchoride.controllers.RiderApplicationController,org.pitest.mutationtest.engine.gregor.mutators.NegateConditionalsMutator,updateApplicationAdmin,224,KILLED,edu.ucsb.cs156.gauchoride.controllers.RiderApplicationControllerTests.[engine:junit-jupiter]/[class:edu.ucsb.cs156.gauchoride.controllers.RiderApplicationControllerTests]/[method:test_that_logged_in_admin_can_update_status_only_when_the_application_exists()]
RiderApplicationController.java,edu.ucsb.cs156.gauchoride.controllers.RiderApplicationController,org.pitest.mutationtest.engine.gregor.mutators.NegateConditionalsMutator,updateApplicationAdmin,229,KILLED,edu.ucsb.cs156.gauchoride.controllers.RiderApplicationControllerTests.[engine:junit-jupiter]/[class:edu.ucsb.cs156.gauchoride.controllers.RiderApplicationControllerTests]/[method:test_that_logged_in_admin_can_update_notes_only_when_the_application_exists()]
RiderApplicationController.java,edu.ucsb.cs156.gauchoride.controllers.RiderApplicationController,org.pitest.mutationtest.engine.gregor.mutators.VoidMethodCallMutator,updateApplicationAdmin,226,KILLED,edu.ucsb.cs156.gauchoride.controllers.RiderApplicationControllerTests.[engine:junit-jupiter]/[class:edu.ucsb.cs156.gauchoride.controllers.RiderApplicationControllerTests]/[method:test_that_logged_in_admin_can_update_status_only_when_the_application_exists()]
RiderApplicationController.java,edu.ucsb.cs156.gauchoride.controllers.RiderApplicationController,org.pitest.mutationtest.engine.gregor.mutators.VoidMethodCallMutator,updateApplicationAdmin,231,KILLED,edu.ucsb.cs156.gauchoride.controllers.RiderApplicationControllerTests.[engine:junit-jupiter]/[class:edu.ucsb.cs156.gauchoride.controllers.RiderApplicationControllerTests]/[method:test_that_logged_in_admin_can_update_notes_only_when_the_application_exists()]
RiderApplicationController.java,edu.ucsb.cs156.gauchoride.controllers.RiderApplicationController,org.pitest.mutationtest.engine.gregor.mutators.returns.NullReturnValsMutator,updateApplicationAdmin,235,KILLED,edu.ucsb.cs156.gauchoride.controllers.RiderApplicationControllerTests.[engine:junit-jupiter]/[class:edu.ucsb.cs156.gauchoride.controllers.RiderApplicationControllerTests]/[method:test_that_logged_in_admin_can_update_status_only_when_the_application_exists()]
ShiftController.java,edu.ucsb.cs156.gauchoride.controllers.ShiftController,org.pitest.mutationtest.engine.gregor.mutators.returns.NullReturnValsMutator,allShifts,55,KILLED,edu.ucsb.cs156.gauchoride.controllers.ShiftControllerTests.[engine:junit-jupiter]/[class:edu.ucsb.cs156.gauchoride.controllers.ShiftControllerTests]/[method:logged_in_admin_can_get_all_shifts()]
ShiftController.java,edu.ucsb.cs156.gauchoride.controllers.ShiftController,org.pitest.mutationtest.engine.gregor.mutators.VoidMethodCallMutator,deleteShift,102,KILLED,edu.ucsb.cs156.gauchoride.controllers.ShiftControllerTests.[engine:junit-jupiter]/[class:edu.ucsb.cs156.gauchoride.controllers.ShiftControllerTests]/[method:admin_can_delete_a_shift()]
ShiftController.java,edu.ucsb.cs156.gauchoride.controllers.ShiftController,org.pitest.mutationtest.engine.gregor.mutators.returns.NullReturnValsMutator,deleteShift,104,KILLED,edu.ucsb.cs156.gauchoride.controllers.ShiftControllerTests.[engine:junit-jupiter]/[class:edu.ucsb.cs156.gauchoride.controllers.ShiftControllerTests]/[method:admin_can_delete_a_shift()]
ShiftController.java,edu.ucsb.cs156.gauchoride.controllers.ShiftController,org.pitest.mutationtest.engine.gregor.mutators.returns.NullReturnValsMutator,lambda$deleteShift$1,100,KILLED,edu.ucsb.cs156.gauchoride.controllers.ShiftControllerTests.[engine:junit-jupiter]/[class:edu.ucsb.cs156.gauchoride.controllers.ShiftControllerTests]/[method:admin_tries_to_delete_non_existant_shift_and_gets_right_error_message()]
ShiftController.java,edu.ucsb.cs156.gauchoride.controllers.ShiftController,org.pitest.mutationtest.engine.gregor.mutators.returns.NullReturnValsMutator,lambda$shiftByID$0,65,KILLED,edu.ucsb.cs156.gauchoride.controllers.ShiftControllerTests.[engine:junit-jupiter]/[class:edu.ucsb.cs156.gauchoride.controllers.ShiftControllerTests]/[method:test_that_logged_in_admin_can_get_by_id_when_the_id_does_not_exist()]
ShiftController.java,edu.ucsb.cs156.gauchoride.controllers.ShiftController,org.pitest.mutationtest.engine.gregor.mutators.returns.NullReturnValsMutator,lambda$updateShifts$2,115,KILLED,edu.ucsb.cs156.gauchoride.controllers.ShiftControllerTests.[engine:junit-jupiter]/[class:edu.ucsb.cs156.gauchoride.controllers.ShiftControllerTests]/[method:admin_cannot_update_shift_that_does_not_exit()]
ShiftController.java,edu.ucsb.cs156.gauchoride.controllers.ShiftController,org.pitest.mutationtest.engine.gregor.mutators.VoidMethodCallMutator,postShift,83,KILLED,edu.ucsb.cs156.gauchoride.controllers.ShiftControllerTests.[engine:junit-jupiter]/[class:edu.ucsb.cs156.gauchoride.controllers.ShiftControllerTests]/[method:an_admin_can_post_a_new_shift()]
ShiftController.java,edu.ucsb.cs156.gauchoride.controllers.ShiftController,org.pitest.mutationtest.engine.gregor.mutators.VoidMethodCallMutator,postShift,84,KILLED,edu.ucsb.cs156.gauchoride.controllers.ShiftControllerTests.[engine:junit-jupiter]/[class:edu.ucsb.cs156.gauchoride.controllers.ShiftControllerTests]/[method:an_admin_can_post_a_new_shift()]
ShiftController.java,edu.ucsb.cs156.gauchoride.controllers.ShiftController,org.pitest.mutationtest.engine.gregor.mutators.VoidMethodCallMutator,postShift,85,KILLED,edu.ucsb.cs156.gauchoride.controllers.ShiftControllerTests.[engine:junit-jupiter]/[class:edu.ucsb.cs156.gauchoride.controllers.ShiftControllerTests]/[method:an_admin_can_post_a_new_shift()]
ShiftController.java,edu.ucsb.cs156.gauchoride.controllers.ShiftController,org.pitest.mutationtest.engine.gregor.mutators.VoidMethodCallMutator,postShift,86,KILLED,edu.ucsb.cs156.gauchoride.controllers.ShiftControllerTests.[engine:junit-jupiter]/[class:edu.ucsb.cs156.gauchoride.controllers.ShiftControllerTests]/[method:an_admin_can_post_a_new_shift()]
ShiftController.java,edu.ucsb.cs156.gauchoride.controllers.ShiftController,org.pitest.mutationtest.engine.gregor.mutators.VoidMethodCallMutator,postShift,87,KILLED,edu.ucsb.cs156.gauchoride.controllers.ShiftControllerTests.[engine:junit-jupiter]/[class:edu.ucsb.cs156.gauchoride.controllers.ShiftControllerTests]/[method:an_admin_can_post_a_new_shift()]
ShiftController.java,edu.ucsb.cs156.gauchoride.controllers.ShiftController,org.pitest.mutationtest.engine.gregor.mutators.returns.NullReturnValsMutator,postShift,91,KILLED,edu.ucsb.cs156.gauchoride.controllers.ShiftControllerTests.[engine:junit-jupiter]/[class:edu.ucsb.cs156.gauchoride.controllers.ShiftControllerTests]/[method:an_admin_can_post_a_new_shift()]
ShiftController.java,edu.ucsb.cs156.gauchoride.controllers.ShiftController,org.pitest.mutationtest.engine.gregor.mutators.returns.NullReturnValsMutator,shiftByID,66,KILLED,edu.ucsb.cs156.gauchoride.controllers.ShiftControllerTests.[engine:junit-jupiter]/[class:edu.ucsb.cs156.gauchoride.controllers.ShiftControllerTests]/[method:test_that_logged_in_admin_can_get_by_id_when_the_id_exists()]
ShiftController.java,edu.ucsb.cs156.gauchoride.controllers.ShiftController,org.pitest.mutationtest.engine.gregor.mutators.VoidMethodCallMutator,updateShifts,117,KILLED,edu.ucsb.cs156.gauchoride.controllers.ShiftControllerTests.[engine:junit-jupiter]/[class:edu.ucsb.cs156.gauchoride.controllers.ShiftControllerTests]/[method:admin_can_update_a_shift()]
ShiftController.java,edu.ucsb.cs156.gauchoride.controllers.ShiftController,org.pitest.mutationtest.engine.gregor.mutators.VoidMethodCallMutator,updateShifts,118,KILLED,edu.ucsb.cs156.gauchoride.controllers.ShiftControllerTests.[engine:junit-jupiter]/[class:edu.ucsb.cs156.gauchoride.controllers.ShiftControllerTests]/[method:admin_can_update_a_shift()]
ShiftController.java,edu.ucsb.cs156.gauchoride.controllers.ShiftController,org.pitest.mutationtest.engine.gregor.mutators.VoidMethodCallMutator,updateShifts,119,KILLED,edu.ucsb.cs156.gauchoride.controllers.ShiftControllerTests.[engine:junit-jupiter]/[class:edu.ucsb.cs156.gauchoride.controllers.ShiftControllerTests]/[method:admin_can_update_a_shift()]
ShiftController.java,edu.ucsb.cs156.gauchoride.controllers.ShiftController,org.pitest.mutationtest.engine.gregor.mutators.VoidMethodCallMutator,updateShifts,120,KILLED,edu.ucsb.cs156.gauchoride.controllers.ShiftControllerTests.[engine:junit-jupiter]/[class:edu.ucsb.cs156.gauchoride.controllers.ShiftControllerTests]/[method:admin_can_update_a_shift()]
ShiftController.java,edu.ucsb.cs156.gauchoride.controllers.ShiftController,org.pitest.mutationtest.engine.gregor.mutators.VoidMethodCallMutator,updateShifts,121,KILLED,edu.ucsb.cs156.gauchoride.controllers.ShiftControllerTests.[engine:junit-jupiter]/[class:edu.ucsb.cs156.gauchoride.controllers.ShiftControllerTests]/[method:admin_can_update_a_shift()]
ShiftController.java,edu.ucsb.cs156.gauchoride.controllers.ShiftController,org.pitest.mutationtest.engine.gregor.mutators.returns.NullReturnValsMutator,updateShifts,126,KILLED,edu.ucsb.cs156.gauchoride.controllers.ShiftControllerTests.[engine:junit-jupiter]/[class:edu.ucsb.cs156.gauchoride.controllers.ShiftControllerTests]/[method:admin_can_update_a_shift()]
SystemInfoController.java,edu.ucsb.cs156.gauchoride.controllers.SystemInfoController,org.pitest.mutationtest.engine.gregor.mutators.returns.NullReturnValsMutator,getSystemInfo,32,KILLED,edu.ucsb.cs156.gauchoride.controllers.SystemInfoControllerTests.[engine:junit-jupiter]/[class:edu.ucsb.cs156.gauchoride.controllers.SystemInfoControllerTests]/[method:systemInfo__admin_logged_in()]
UserInfoController.java,edu.ucsb.cs156.gauchoride.controllers.UserInfoController,org.pitest.mutationtest.engine.gregor.mutators.returns.NullReturnValsMutator,getCurrentUser,24,KILLED,edu.ucsb.cs156.gauchoride.controllers.UserInfoControllerTests.[engine:junit-jupiter]/[class:edu.ucsb.cs156.gauchoride.controllers.UserInfoControllerTests]/[method:currentUser__logged_in()]
UsersController.java,edu.ucsb.cs156.gauchoride.controllers.UsersController,org.pitest.mutationtest.engine.gregor.mutators.VoidMethodCallMutator,deleteUser_Admin,66,KILLED,edu.ucsb.cs156.gauchoride.controllers.UsersControllerTests.[engine:junit-jupiter]/[class:edu.ucsb.cs156.gauchoride.controllers.UsersControllerTests]/[method:admin_can_delete_a_user()]
UsersController.java,edu.ucsb.cs156.gauchoride.controllers.UsersController,org.pitest.mutationtest.engine.gregor.mutators.returns.NullReturnValsMutator,deleteUser_Admin,68,KILLED,edu.ucsb.cs156.gauchoride.controllers.UsersControllerTests.[engine:junit-jupiter]/[class:edu.ucsb.cs156.gauchoride.controllers.UsersControllerTests]/[method:admin_can_delete_a_user()]
UsersController.java,edu.ucsb.cs156.gauchoride.controllers.UsersController,org.pitest.mutationtest.engine.gregor.mutators.returns.NullReturnValsMutator,lambda$deleteUser_Admin$1,64,KILLED,edu.ucsb.cs156.gauchoride.controllers.UsersControllerTests.[engine:junit-jupiter]/[class:edu.ucsb.cs156.gauchoride.controllers.UsersControllerTests]/[method:admin_tries_to_delete_non_existant_user_and_gets_right_error_message()]
UsersController.java,edu.ucsb.cs156.gauchoride.controllers.UsersController,org.pitest.mutationtest.engine.gregor.mutators.returns.NullReturnValsMutator,lambda$toggleAdmin$2,77,KILLED,edu.ucsb.cs156.gauchoride.controllers.UsersControllerTests.[engine:junit-jupiter]/[class:edu.ucsb.cs156.gauchoride.controllers.UsersControllerTests]/[method:admin_tries_to_toggleAdmin_non_existant_user_and_gets_right_error_message()]
UsersController.java,edu.ucsb.cs156.gauchoride.controllers.UsersController,org.pitest.mutationtest.engine.gregor.mutators.returns.NullReturnValsMutator,lambda$toggleDriver$3,91,KILLED,edu.ucsb.cs156.gauchoride.controllers.UsersControllerTests.[engine:junit-jupiter]/[class:edu.ucsb.cs156.gauchoride.controllers.UsersControllerTests]/[method:admin_tries_to_toggle_driver_for_non_existant_user_and_gets_right_error_message()]
UsersController.java,edu.ucsb.cs156.gauchoride.controllers.UsersController,org.pitest.mutationtest.engine.gregor.mutators.returns.NullReturnValsMutator,lambda$toggleRider$4,103,KILLED,edu.ucsb.cs156.gauchoride.controllers.UsersControllerTests.[engine:junit-jupiter]/[class:edu.ucsb.cs156.gauchoride.controllers.UsersControllerTests]/[method:admin_tries_to_toggle_rider_for_non_existant_user_and_gets_right_error_message()]
UsersController.java,edu.ucsb.cs156.gauchoride.controllers.UsersController,org.pitest.mutationtest.engine.gregor.mutators.returns.NullReturnValsMutator,lambda$users$0,54,KILLED,edu.ucsb.cs156.gauchoride.controllers.UsersControllerTests.[engine:junit-jupiter]/[class:edu.ucsb.cs156.gauchoride.controllers.UsersControllerTests]/[method:api_users__admin_logged_in__search_for_user_that_does_not_exist()]
UsersController.java,edu.ucsb.cs156.gauchoride.controllers.UsersController,org.pitest.mutationtest.engine.gregor.mutators.NegateConditionalsMutator,toggleAdmin,79,KILLED,edu.ucsb.cs156.gauchoride.controllers.UsersControllerTests.[engine:junit-jupiter]/[class:edu.ucsb.cs156.gauchoride.controllers.UsersControllerTests]/[method:admin_can_toggle_admin_status_of_a_user_from_false_to_true()]
UsersController.java,edu.ucsb.cs156.gauchoride.controllers.UsersController,org.pitest.mutationtest.engine.gregor.mutators.VoidMethodCallMutator,toggleAdmin,79,KILLED,edu.ucsb.cs156.gauchoride.controllers.UsersControllerTests.[engine:junit-jupiter]/[class:edu.ucsb.cs156.gauchoride.controllers.UsersControllerTests]/[method:admin_can_toggle_admin_status_of_a_user_from_false_to_true()]
UsersController.java,edu.ucsb.cs156.gauchoride.controllers.UsersController,org.pitest.mutationtest.engine.gregor.mutators.returns.NullReturnValsMutator,toggleAdmin,81,KILLED,edu.ucsb.cs156.gauchoride.controllers.UsersControllerTests.[engine:junit-jupiter]/[class:edu.ucsb.cs156.gauchoride.controllers.UsersControllerTests]/[method:admin_can_toggle_admin_status_of_a_user_from_false_to_true()]
UsersController.java,edu.ucsb.cs156.gauchoride.controllers.UsersController,org.pitest.mutationtest.engine.gregor.mutators.NegateConditionalsMutator,toggleDriver,93,KILLED,edu.ucsb.cs156.gauchoride.controllers.UsersControllerTests.[engine:junit-jupiter]/[class:edu.ucsb.cs156.gauchoride.controllers.UsersControllerTests]/[method:admin_can_toggle_driver_status_of_a_user_from_true_to_false()]
UsersController.java,edu.ucsb.cs156.gauchoride.controllers.UsersController,org.pitest.mutationtest.engine.gregor.mutators.VoidMethodCallMutator,toggleDriver,93,KILLED,edu.ucsb.cs156.gauchoride.controllers.UsersControllerTests.[engine:junit-jupiter]/[class:edu.ucsb.cs156.gauchoride.controllers.UsersControllerTests]/[method:admin_can_toggle_driver_status_of_a_user_from_true_to_false()]
UsersController.java,edu.ucsb.cs156.gauchoride.controllers.UsersController,org.pitest.mutationtest.engine.gregor.mutators.returns.NullReturnValsMutator,toggleDriver,95,KILLED,edu.ucsb.cs156.gauchoride.controllers.UsersControllerTests.[engine:junit-jupiter]/[class:edu.ucsb.cs156.gauchoride.controllers.UsersControllerTests]/[method:admin_can_toggle_driver_status_of_a_user_from_true_to_false()]
UsersController.java,edu.ucsb.cs156.gauchoride.controllers.UsersController,org.pitest.mutationtest.engine.gregor.mutators.NegateConditionalsMutator,toggleRider,105,KILLED,edu.ucsb.cs156.gauchoride.controllers.UsersControllerTests.[engine:junit-jupiter]/[class:edu.ucsb.cs156.gauchoride.controllers.UsersControllerTests]/[method:admin_can_toggle_rider_status_of_a_user_from_false_to_true()]
UsersController.java,edu.ucsb.cs156.gauchoride.controllers.UsersController,org.pitest.mutationtest.engine.gregor.mutators.VoidMethodCallMutator,toggleRider,105,KILLED,edu.ucsb.cs156.gauchoride.controllers.UsersControllerTests.[engine:junit-jupiter]/[class:edu.ucsb.cs156.gauchoride.controllers.UsersControllerTests]/[method:admin_can_toggle_rider_status_of_a_user_from_false_to_true()]
UsersController.java,edu.ucsb.cs156.gauchoride.controllers.UsersController,org.pitest.mutationtest.engine.gregor.mutators.returns.NullReturnValsMutator,toggleRider,107,KILLED,edu.ucsb.cs156.gauchoride.controllers.UsersControllerTests.[engine:junit-jupiter]/[class:edu.ucsb.cs156.gauchoride.controllers.UsersControllerTests]/[method:admin_can_toggle_rider_status_of_a_user_from_false_to_true()]
UsersController.java,edu.ucsb.cs156.gauchoride.controllers.UsersController,org.pitest.mutationtest.engine.gregor.mutators.returns.NullReturnValsMutator,users,44,KILLED,edu.ucsb.cs156.gauchoride.controllers.UsersControllerTests.[engine:junit-jupiter]/[class:edu.ucsb.cs156.gauchoride.controllers.UsersControllerTests]/[method:users__admin_logged_in()]
UsersController.java,edu.ucsb.cs156.gauchoride.controllers.UsersController,org.pitest.mutationtest.engine.gregor.mutators.returns.NullReturnValsMutator,users,55,KILLED,edu.ucsb.cs156.gauchoride.controllers.UsersControllerTests.[engine:junit-jupiter]/[class:edu.ucsb.cs156.gauchoride.controllers.UsersControllerTests]/[method:api_users__admin_logged_in__returns_a_user_that_exists()]
RoleInterceptor.java,edu.ucsb.cs156.gauchoride.interceptors.RoleInterceptor,org.pitest.mutationtest.engine.gregor.mutators.NegateConditionalsMutator,lambda$preHandle$0,50,KILLED,edu.ucsb.cs156.gauchoride.interceptors.RoleInterceptorTests.[engine:junit-jupiter]/[class:edu.ucsb.cs156.gauchoride.interceptors.RoleInterceptorTests]/[method:updates_driver_role_when_user_driver_false()]
RoleInterceptor.java,edu.ucsb.cs156.gauchoride.interceptors.RoleInterceptor,org.pitest.mutationtest.engine.gregor.mutators.NegateConditionalsMutator,lambda$preHandle$0,51,KILLED,edu.ucsb.cs156.gauchoride.interceptors.RoleInterceptorTests.[engine:junit-jupiter]/[class:edu.ucsb.cs156.gauchoride.interceptors.RoleInterceptorTests]/[method:updates_driver_role_when_user_driver_false()]
RoleInterceptor.java,edu.ucsb.cs156.gauchoride.interceptors.RoleInterceptor,org.pitest.mutationtest.engine.gregor.mutators.returns.BooleanTrueReturnValsMutator,lambda$preHandle$0,50,KILLED,edu.ucsb.cs156.gauchoride.interceptors.RoleInterceptorTests.[engine:junit-jupiter]/[class:edu.ucsb.cs156.gauchoride.interceptors.RoleInterceptorTests]/[method:updates_driver_role_when_user_driver_false()]
RoleInterceptor.java,edu.ucsb.cs156.gauchoride.interceptors.RoleInterceptor,org.pitest.mutationtest.engine.gregor.mutators.NegateConditionalsMutator,preHandle,42,KILLED,edu.ucsb.cs156.gauchoride.controllers.SystemInfoControllerTests.[engine:junit-jupiter]/[class:edu.ucsb.cs156.gauchoride.controllers.SystemInfoControllerTests]/[method:systemInfo__logged_out()]
RoleInterceptor.java,edu.ucsb.cs156.gauchoride.interceptors.RoleInterceptor,org.pitest.mutationtest.engine.gregor.mutators.NegateConditionalsMutator,preHandle,46,KILLED,edu.ucsb.cs156.gauchoride.interceptors.RoleInterceptorTests.[engine:junit-jupiter]/[class:edu.ucsb.cs156.gauchoride.interceptors.RoleInterceptorTests]/[method:updates_nothing_when_user_not_present()]
RoleInterceptor.java,edu.ucsb.cs156.gauchoride.interceptors.RoleInterceptor,org.pitest.mutationtest.engine.gregor.mutators.NegateConditionalsMutator,preHandle,53,KILLED,edu.ucsb.cs156.gauchoride.interceptors.RoleInterceptorTests.[engine:junit-jupiter]/[class:edu.ucsb.cs156.gauchoride.interceptors.RoleInterceptorTests]/[method:updates_driver_role_when_user_driver_false()]
RoleInterceptor.java,edu.ucsb.cs156.gauchoride.interceptors.RoleInterceptor,org.pitest.mutationtest.engine.gregor.mutators.NegateConditionalsMutator,preHandle,56,KILLED,edu.ucsb.cs156.gauchoride.interceptors.RoleInterceptorTests.[engine:junit-jupiter]/[class:edu.ucsb.cs156.gauchoride.interceptors.RoleInterceptorTests]/[method:updates_driver_role_when_user_driver_false()]
RoleInterceptor.java,edu.ucsb.cs156.gauchoride.interceptors.RoleInterceptor,org.pitest.mutationtest.engine.gregor.mutators.VoidMethodCallMutator,preHandle,61,KILLED,edu.ucsb.cs156.gauchoride.interceptors.RoleInterceptorTests.[engine:junit-jupiter]/[class:edu.ucsb.cs156.gauchoride.interceptors.RoleInterceptorTests]/[method:updates_driver_role_when_user_driver_false()]
RoleInterceptor.java,edu.ucsb.cs156.gauchoride.interceptors.RoleInterceptor,org.pitest.mutationtest.engine.gregor.mutators.returns.BooleanFalseReturnValsMutator,preHandle,64,KILLED,edu.ucsb.cs156.gauchoride.controllers.SystemInfoControllerTests.[engine:junit-jupiter]/[class:edu.ucsb.cs156.gauchoride.controllers.SystemInfoControllerTests]/[method:systemInfo__logged_out()]
CurrentUserService.java,edu.ucsb.cs156.gauchoride.services.CurrentUserService,org.pitest.mutationtest.engine.gregor.mutators.NegateConditionalsMutator,isLoggedIn,16,KILLED,edu.ucsb.cs156.gauchoride.services.CurrentUserServiceTests.[engine:junit-jupiter]/[class:edu.ucsb.cs156.gauchoride.services.CurrentUserServiceTests]/[method:test_isLoggedIn_returns_false()]
CurrentUserService.java,edu.ucsb.cs156.gauchoride.services.CurrentUserService,org.pitest.mutationtest.engine.gregor.mutators.returns.BooleanTrueReturnValsMutator,isLoggedIn,16,KILLED,edu.ucsb.cs156.gauchoride.services.CurrentUserServiceTests.[engine:junit-jupiter]/[class:edu.ucsb.cs156.gauchoride.services.CurrentUserServiceTests]/[method:test_isLoggedIn_returns_false()]
GrantedAuthoritiesService.java,edu.ucsb.cs156.gauchoride.services.GrantedAuthoritiesService,org.pitest.mutationtest.engine.gregor.mutators.returns.EmptyObjectReturnValsMutator,getGrantedAuthorities,22,KILLED,edu.ucsb.cs156.gauchoride.services.GrantedAuthoritiesServiceTests.[engine:junit-jupiter]/[class:edu.ucsb.cs156.gauchoride.services.GrantedAuthoritiesServiceTests]/[method:test_getGrantedAuthorities()]
SystemInfoServiceImpl.java,edu.ucsb.cs156.gauchoride.services.SystemInfoServiceImpl,org.pitest.mutationtest.engine.gregor.mutators.returns.NullReturnValsMutator,getSystemInfo,31,KILLED,edu.ucsb.cs156.gauchoride.services.SystemInfoServiceImplTests.[engine:junit-jupiter]/[class:edu.ucsb.cs156.gauchoride.services.SystemInfoServiceImplTests]/[method:test_getSystemInfo()]
UserProfileController.java,edu.ucsb.cs156.gauchoride.controllers.UserProfileController,org.pitest.mutationtest.engine.gregor.mutators.returns.NullReturnValsMutator,lambda$updateCellphone$0,32,KILLED,edu.ucsb.cs156.gauchoride.controllers.UserProfileControllerTests.[engine:junit-jupiter]/[class:edu.ucsb.cs156.gauchoride.controllers.UserProfileControllerTests]/[method:testUpdateCellphone_UserNotFound_ThrowsEntityNotFoundException()]
UserProfileController.java,edu.ucsb.cs156.gauchoride.controllers.UserProfileController,org.pitest.mutationtest.engine.gregor.mutators.VoidMethodCallMutator,updateCellphone,33,KILLED,edu.ucsb.cs156.gauchoride.controllers.UserProfileControllerTests.[engine:junit-jupiter]/[class:edu.ucsb.cs156.gauchoride.controllers.UserProfileControllerTests]/[method:User_can_change_their_phone_Number()]
UserProfileController.java,edu.ucsb.cs156.gauchoride.controllers.UserProfileController,org.pitest.mutationtest.engine.gregor.mutators.returns.NullReturnValsMutator,updateCellphone,35,KILLED,edu.ucsb.cs156.gauchoride.controllers.UserProfileControllerTests.[engine:junit-jupiter]/[class:edu.ucsb.cs156.gauchoride.controllers.UserProfileControllerTests]/[method:User_can_change_their_phone_Number()]
CurrentUser.java,edu.ucsb.cs156.gauchoride.models.CurrentUser,org.pitest.mutationtest.engine.gregor.mutators.returns.EmptyObjectReturnValsMutator,getId,24,KILLED,edu.ucsb.cs156.gauchoride.models.CurrentUserTests.[engine:junit-jupiter]/[class:edu.ucsb.cs156.gauchoride.models.CurrentUserTests]/[method:testGetIdReturnsCorrectId()]
